id,Pageviews,Unique Pageviews,Avg. Time on Screen
a0640000002jx2bAAA,143,108,0
a0640000002jx2cAAA,28,22,0
a0640000002jx2dAAA,50,43,0
a0640000002jx2eAAA,5,3,0
a0640000002jx2iAAA,6,5,0
a0640000002jx2jAAA,15,12,0
a0640000002jx2kAAA,38,32,0
a0640000002jx2lAAA,41,35,0
a0640000002jx2mAAA,,,
a0640000002jx2nAAA,18,15,0
a0640000002jx2oAAA,17,14,0
a0640000002jx2pAAA,,,
a0640000002jx2qAAA,11,5,0
a0640000002jx2rAAA,,,
a0640000002jx2sAAA,,,
a0640000002jx2tAAA,188,159,0
a0640000002jx2uAAA,363,320,0
a0640000002jx2vAAA,,,
a0640000002jx2wAAA,1025,425,0
a0640000002jx2yAAA,627,358,0
a0640000002jx2zAAA,288,134,0
a0640000002jx30AAA,66,56,0
a0640000002jx31AAA,23,15,0
a0640000002jx32AAA,53,25,0
a0640000002jx33AAA,42,34,0
a0640000002jx34AAA,38,34,0
a0640000002jx35AAA,20,19,0
a0640000002jx36AAA,280,251,0
a0640000002jx37AAA,321,169,0
a0640000002jx38AAA,,,
a0640000002jx3aAAA,43,36,0
a0640000002jx3AAAQ,,,
a0640000002jx3bAAA,,,
a0640000002jx3BAAQ,320,153,0
a0640000002jx3cAAA,,,
a0640000002jx3CAAQ,,,
a0640000002jx3dAAA,14,10,0
a0640000002jx3DAAQ,,,
a0640000002jx3eAAA,236,109,0
a0640000002jx3EAAQ,15,11,0
a0640000002jx3fAAA,58,52,0
a0640000002jx3FAAQ,,,
a0640000002jx3gAAA,,,
a0640000002jx3GAAQ,13,11,0
a0640000002jx3hAAA,,,
a0640000002jx3HAAQ,9,8,0
a0640000002jx3iAAA,,,
a0640000002jx3IAAQ,,,
a0640000002jx3jAAA,341,199,0
a0640000002jx3JAAQ,9,7,0
a0640000002jx3kAAA,13,11,0
a0640000002jx3KAAQ,38,29,0
a0640000002jx3lAAA,8,8,0
a0640000002jx3LAAQ,29,23,0
a0640000002jx3mAAA,68,37,0
a0640000002jx3MAAQ,,,
a0640000002jx3nAAA,582,496,0
a0640000002jx3NAAQ,384,194,0
a0640000002jx3oAAA,28,22,0
a0640000002jx3OAAQ,,,
a0640000002jx3pAAA,347,177,0
a0640000002jx3PAAQ,19,15,0
a0640000002jx3qAAA,,,
a0640000002jx3QAAQ,14,12,0
a0640000002jx3rAAA,103,60,0
a0640000002jx3RAAQ,107,98,0
a0640000002jx3sAAA,7,6,0
a0640000002jx3SAAQ,67,54,0
a0640000002jx3tAAA,614,368,0
a0640000002jx3TAAQ,8,6,0
a0640000002jx3uAAA,52,48,0
a0640000002jx3UAAQ,49,39,0
a0640000002jx3vAAA,20,15,0
a0640000002jx3VAAQ,7,6,0
a0640000002jx3xAAA,79,34,0
a0640000002jx3XAAQ,13,13,0
a0640000002jx3yAAA,6,5,0
a0640000002jx3YAAQ,88,41,0
a0640000002jx3zAAA,,,
a0640000002jx3ZAAQ,,,
a0640000002jx40AAA,6,4,0
a0640000002jx41AAA,500,237,0
a0640000002jx42AAA,,,
a0640000002jx43AAA,10,8,0
a0640000002jx44AAA,89,81,0
a0640000002jx46AAA,47,25,0
a0640000002jx47AAA,22,17,0
a0640000002jx48AAA,22,8,0
a0640000002jx49AAA,9,8,0
a0640000002jx4aAAA,,,
a0640000002jx4AAAQ,214,111,0
a0640000002jx4bAAA,,,
a0640000002jx4BAAQ,,,
a0640000002jx4cAAA,34,32,0
a0640000002jx4CAAQ,148,77,0
a0640000002jx4dAAA,10,9,0
a0640000002jx4DAAQ,,,
a0640000002jx4eAAA,,,
a0640000002jx4EAAQ,,,
a0640000002jx4fAAA,21,17,0
a0640000002jx4FAAQ,180,78,0
a0640000002jx4gAAA,,,
a0640000002jx4GAAQ,,,
a0640000002jx4hAAA,,,
a0640000002jx4HAAQ,,,
a0640000002jx4IAAQ,464,241,0
a0640000002jx4jAAA,82,40,0
a0640000002jx4JAAQ,,,
a0640000002jx4kAAA,,,
a0640000002jx4KAAQ,,,
a0640000002jx4lAAA,23,14,0
a0640000002jx4LAAQ,,,
a0640000002jx4mAAA,,,
a0640000002jx4MAAQ,10,3,0
a0640000002jx4nAAA,,,
a0640000002jx4NAAQ,13,12,0
a0640000002jx4OAAQ,31,23,0
a0640000002jx4pAAA,39,35,0
a0640000002jx4PAAQ,,,
a0640000002jx4QAAQ,,,
a0640000002jx4rAAA,,,
a0640000002jx4RAAQ,,,
a0640000002jx4sAAA,14,9,0
a0640000002jx4SAAQ,47,41,0
a0640000002jx4tAAA,,,
a0640000002jx4TAAQ,471,242,0
a0640000002jx4uAAA,,,
a0640000002jx4UAAQ,27,21,0
a0640000002jx4vAAA,6,4,0
a0640000002jx4VAAQ,458,289,0
a0640000002jx4wAAA,,,
a0640000002jx4WAAQ,32,26,0
a0640000002jx4xAAA,9,8,0
a0640000002jx4XAAQ,552,224,0
a0640000002jx4yAAA,,,
a0640000002jx4YAAQ,7,7,0
a0640000002jx4zAAA,,,
a0640000002jx50AAA,,,
a0640000002jx51AAA,201,100,0
a0640000002jx52AAA,,,
a0640000002jx53AAA,,,
a0640000002jx54AAA,5,4,0
a0640000002jx55AAA,39,30,0
a0640000002jx56AAA,12,9,0
a0640000002jx57AAA,,,
a0640000002jx58AAA,49,43,0
a0640000002jx59AAA,,,
a0640000002jx5aAAA,,,
a0640000002jx5AAAQ,,,
a0640000002jx5bAAA,30,28,0
a0640000002jx5BAAQ,72,35,0
a0640000002jx5cAAA,100,52,0
a0640000002jx5CAAQ,39,31,0
a0640000002jx5dAAA,6,5,0
a0640000002jx5DAAQ,,,
a0640000002jx5eAAA,949,502,0
a0640000002jx5EAAQ,,,
a0640000002jx5fAAA,,,
a0640000002jx5FAAQ,28,22,0
a0640000002jx5gAAA,,,
a0640000002jx5GAAQ,,,
a0640000002jx5hAAA,,,
a0640000002jx5HAAQ,450,229,0
a0640000002jx5iAAA,146,76,0
a0640000002jx5IAAQ,,,
a0640000002jx5jAAA,12,7,0
a0640000002jx5JAAQ,411,150,0
a0640000002jx5kAAA,20,17,0
a0640000002jx5KAAQ,,,
a0640000002jx5lAAA,370,195,0
a0640000002jx5LAAQ,,,
a0640000002jx5mAAA,,,
a0640000002jx5MAAQ,19,16,0
a0640000002jx5nAAA,6,5,0
a0640000002jx5NAAQ,,,
a0640000002jx5oAAA,,,
a0640000002jx5OAAQ,,,
a0640000002jx5pAAA,34,32,0
a0640000002jx5PAAQ,,,
a0640000002jx5qAAA,114,55,0
a0640000002jx5rAAA,,,
a0640000002jx5RAAQ,289,141,0
a0640000002jx5sAAA,,,
a0640000002jx5SAAQ,34,31,0
a0640000002jx5tAAA,13,11,0
a0640000002jx5TAAQ,93,79,0
a0640000002jx5uAAA,,,
a0640000002jx5UAAQ,67,58,0
a0640000002jx5vAAA,7,6,0
a0640000002jx5VAAQ,34,27,0
a0640000002jx5wAAA,,,
a0640000002jx5WAAQ,,,
a0640000002jx5xAAA,7,6,0
a0640000002jx5yAAA,42,38,0
a0640000002jx5YAAQ,43,23,0
a0640000002jx5zAAA,,,
a0640000002jx5ZAAQ,,,
a0640000002jx60AAA,,,
a0640000002jx61AAA,,,
a0640000002jx62AAA,,,
a0640000002jx63AAA,,,
a0640000002jx64AAA,417,231,0
a0640000002jx65AAA,138,76,0
a0640000002jx66AAA,,,
a0640000002jx67AAA,14,12,0
a0640000002jx68AAA,,,
a0640000002jx69AAA,,,
a0640000002jx6aAAA,55,46,0
a0640000002jx6AAAQ,,,
a0640000002jx6bAAA,,,
a0640000002jx6BAAQ,,,
a0640000002jx6cAAA,31,25,0
a0640000002jx6CAAQ,,,
a0640000002jx6dAAA,144,86,0
a0640000002jx6DAAQ,105,65,0
a0640000002jx6eAAA,,,
a0640000002jx6EAAQ,47,23,0
a0640000002jx6fAAA,213,133,0
a0640000002jx6FAAQ,,,
a0640000002jx6gAAA,11,8,0
a0640000002jx6GAAQ,,,
a0640000002jx6hAAA,,,
a0640000002jx6HAAQ,,,
a0640000002jx6iAAA,8,6,0
a0640000002jx6IAAQ,114,66,0
a0640000002jx6jAAA,,,
a0640000002jx6JAAQ,,,
a0640000002jx6KAAQ,160,155,0
a0640000002jx6LAAQ,364,172,0
a0640000002jx6mAAA,12,11,0
a0640000002jx6MAAQ,58,34,0
a0640000002jx6nAAA,167,85,0
a0640000002jx6NAAQ,14,10,0
a0640000002jx6oAAA,10,6,0
a0640000002jx6OAAQ,6,6,0
a0640000002jx6pAAA,,,
a0640000002jx6PAAQ,136,77,0
a0640000002jx6qAAA,,,
a0640000002jx6QAAQ,,,
a0640000002jx6rAAA,11,11,0
a0640000002jx6RAAQ,105,45,0
a0640000002jx6SAAQ,32,28,0
a0640000002jx6tAAA,54,26,0
a0640000002jx6TAAQ,,,
a0640000002jx6uAAA,,,
a0640000002jx6UAAQ,119,79,0
a0640000002jx6vAAA,,,
a0640000002jx6VAAQ,,,
a0640000002jx6wAAA,,,
a0640000002jx6WAAQ,,,
a0640000002jx6xAAA,129,61,0
a0640000002jx6XAAQ,,,
a0640000002jx6yAAA,,,
a0640000002jx6YAAQ,51,29,0
a0640000002jx6zAAA,,,
a0640000002jx6ZAAQ,20,14,0
a0640000002jx70AAA,,,
a0640000002jx71AAA,,,
a0640000002jx72AAA,,,
a0640000002jx73AAA,,,
a0640000002jx74AAA,,,
a0640000002jx75AAA,15,14,0
a0640000002jx76AAA,,,
a0640000002jx77AAA,153,73,0
a0640000002jx78AAA,,,
a0640000002jx79AAA,,,
a0640000002jx7aAAA,,,
a0640000002jx7AAAQ,,,
a0640000002jx7bAAA,30,17,0
a0640000002jx7BAAQ,,,
a0640000002jx7cAAA,9,5,0
a0640000002jx7CAAQ,,,
a0640000002jx7dAAA,17,13,0
a0640000002jx7DAAQ,,,
a0640000002jx7eAAA,,,
a0640000002jx7EAAQ,726,400,0
a0640000002jx7fAAA,13,12,0
a0640000002jx7FAAQ,,,
a0640000002jx7gAAA,,,
a0640000002jx7GAAQ,25,20,0
a0640000002jx7hAAA,,,
a0640000002jx7HAAQ,292,140,0
a0640000002jx7iAAA,,,
a0640000002jx7IAAQ,,,
a0640000002jx7jAAA,,,
a0640000002jx7JAAQ,7,4,0
a0640000002jx7kAAA,,,
a0640000002jx7KAAQ,75,30,0
a0640000002jx7lAAA,25,22,0
a0640000002jx7LAAQ,,,
a0640000002jx7MAAQ,,,
a0640000002jx7nAAA,,,
a0640000002jx7NAAQ,,,
a0640000002jx7oAAA,,,
a0640000002jx7OAAQ,,,
a0640000002jx7pAAA,,,
a0640000002jx7PAAQ,,,
a0640000002jx7qAAA,,,
a0640000002jx7QAAQ,89,51,0
a0640000002jx7rAAA,,,
a0640000002jx7RAAQ,13,5,0
a0640000002jx7sAAA,,,
a0640000002jx7SAAQ,,,
a0640000002jx7tAAA,,,
a0640000002jx7TAAQ,,,
a0640000002jx7uAAA,8,8,0
a0640000002jx7UAAQ,130,76,0
a0640000002jx7vAAA,,,
a0640000002jx7wAAA,,,
a0640000002jx7WAAQ,18,13,0
a0640000002jx7xAAA,,,
a0640000002jx7XAAQ,212,123,0
a0640000002jx7yAAA,39,36,0
a0640000002jx7YAAQ,,,
a0640000002jx7zAAA,,,
a0640000002jx7ZAAQ,21,18,0
a0640000002jx80AAA,,,
a0640000002jx81AAA,,,
a0640000002jx82AAA,,,
a0640000002jx84AAA,59,45,0
a0640000002jx85AAA,6,5,0
a0640000002jx86AAA,,,
a0640000002jx87AAA,,,
a0640000002jx88AAA,,,
a0640000002jx89AAA,,,
a0640000002jx8aAAA,,,
a0640000002jx8AAAQ,,,
a0640000002jx8bAAA,,,
a0640000002jx8BAAQ,19,16,0
a0640000002jx8cAAA,171,105,0
a0640000002jx8CAAQ,,,
a0640000002jx8DAAQ,184,92,0
a0640000002jx8eAAA,62,36,0
a0640000002jx8EAAQ,,,
a0640000002jx8fAAA,46,24,0
a0640000002jx8FAAQ,,,
a0640000002jx8gAAA,481,247,0
a0640000002jx8hAAA,8,6,0
a0640000002jx8iAAA,,,
a0640000002jx8IAAQ,,,
a0640000002jx8jAAA,,,
a0640000002jx8JAAQ,,,
a0640000002jx8kAAA,,,
a0640000002jx8KAAQ,75,43,0
a0640000002jx8lAAA,,,
a0640000002jx8LAAQ,,,
a0640000002jx8MAAQ,150,85,0
a0640000002jx8nAAA,5,5,0
a0640000002jx8oAAA,,,
a0640000002jx8pAAA,13,10,0
a0640000002jx8PAAQ,92,49,0
a0640000002jx8qAAA,13,11,0
a0640000002jx8QAAQ,,,
a0640000002jx8rAAA,,,
a0640000002jx8RAAQ,,,
a0640000002jx8sAAA,,,
a0640000002jx8SAAQ,,,
a0640000002jx8tAAA,,,
a0640000002jx8TAAQ,,,
a0640000002jx8uAAA,,,
a0640000002jx8vAAA,67,35,0
a0640000002jx8VAAQ,51,21,0
a0640000002jx8wAAA,,,
a0640000002jx8WAAQ,,,
a0640000002jx8xAAA,,,
a0640000002jx8XAAQ,,,
a0640000002jx8yAAA,65,42,0
a0640000002jx8YAAQ,,,
a0640000002jx8zAAA,,,
a0640000002jx8ZAAQ,,,
a0640000002jx90AAA,,,
a0640000002jx91AAA,,,
a0640000002jx92AAA,46,20,0
a0640000002jx96AAA,43,24,0
a0640000002jx97AAA,,,
a0640000002jx98AAA,,,
a0640000002jx99AAA,157,80,0
a0640000002jx9aAAA,,,
a0640000002jx9AAAQ,64,37,0
a0640000002jx9bAAA,130,83,0
a0640000002jx9BAAQ,,,
a0640000002jx9CAAQ,5,4,0
a0640000002jx9dAAA,,,
a0640000002jx9DAAQ,,,
a0640000002jx9eAAA,,,
a0640000002jx9EAAQ,,,
a0640000002jx9fAAA,,,
a0640000002jx9gAAA,,,
a0640000002jx9GAAQ,,,
a0640000002jx9hAAA,,,
a0640000002jx9HAAQ,,,
a0640000002jx9iAAA,,,
a0640000002jx9JAAQ,,,
a0640000002jx9kAAA,,,
a0640000002jx9KAAQ,,,
a0640000002jx9lAAA,,,
a0640000002jx9LAAQ,48,23,0
a0640000002jx9mAAA,,,
a0640000002jx9MAAQ,9,8,0
a0640000002jx9nAAA,,,
a0640000002jx9NAAQ,11,7,0
a0640000002jx9oAAA,,,
a0640000002jx9OAAQ,56,38,0
a0640000002jx9pAAA,17,12,0
a0640000002jx9PAAQ,138,77,0
a0640000002jx9qAAA,355,190,0
a0640000002jx9QAAQ,150,82,0
a0640000002jx9rAAA,,,
a0640000002jx9RAAQ,,,
a0640000002jx9sAAA,25,15,0
a0640000002jx9SAAQ,,,
a0640000002jx9tAAA,72,40,0
a0640000002jx9uAAA,313,182,0
a0640000002jx9UAAQ,,,
a0640000002jx9vAAA,421,242,0
a0640000002jx9VAAQ,,,
a0640000002jx9wAAA,,,
a0640000002jx9WAAQ,,,
a0640000002jx9xAAA,,,
a0640000002jx9XAAQ,,,
a0640000002jx9yAAA,,,
a0640000002jx9zAAA,,,
a0640000002jx9ZAAQ,71,46,0
a0640000002jxA0AAI,,,
a0640000002jxA1AAI,,,
a0640000002jxA2AAI,,,
a0640000002jxA3AAI,,,
a0640000002jxA6AAI,,,
a0640000002jxA7AAI,,,
a0640000002jxA8AAI,,,
a0640000002jxA9AAI,,,
a0640000002jxAaAAI,232,77,0
a0640000002jxAAAAY,79,35,0
a0640000002jxABAAY,,,
a0640000002jxACAAY,21,16,0
a0640000002jxAdAAI,,,
a0640000002jxADAAY,,,
a0640000002jxAeAAI,11,8,0
a0640000002jxAFAAY,67,40,0
a0640000002jxAgAAI,,,
a0640000002jxAGAAY,,,
a0640000002jxAhAAI,,,
a0640000002jxAHAAY,,,
a0640000002jxAiAAI,,,
a0640000002jxAIAAY,,,
a0640000002jxAjAAI,207,179,0
a0640000002jxAJAAY,,,
a0640000002jxAkAAI,,,
a0640000002jxAKAAY,,,
a0640000002jxAlAAI,,,
a0640000002jxALAAY,,,
a0640000002jxAmAAI,,,
a0640000002jxAMAAY,,,
a0640000002jxAPAAY,,,
a0640000002jxAqAAI,,,
a0640000002jxAQAAY,,,
a0640000002jxAsAAI,,,
a0640000002jxASAAY,,,
a0640000002jxAtAAI,,,
a0640000002jxAuAAI,,,
a0640000002jxAvAAI,,,
a0640000002jxAWAAY,,,
a0640000002jxAxAAI,22,19,0
a0640000002jxAXAAY,79,43,0
a0640000002jxAYAAY,,,
a0640000002jxAZAAY,,,
a0640000002jxB2AAI,93,52,0
a0640000002jxB3AAI,,,
a0640000002jxB4AAI,,,
a0640000002jxB5AAI,,,
a0640000002jxB6AAI,,,
a0640000002jxB8AAI,,,
a0640000002jxBAAAY,,,
a0640000002jxBbAAI,,,
a0640000002jxBBAAY,,,
a0640000002jxBCAAY,26,17,0
a0640000002jxBDAAY,,,
a0640000002jxBEAAY,,,
a0640000002jxBGAAY,,,
a0640000002jxBHAAY,,,
a0640000002jxBiAAI,23,14,0
a0640000002jxBIAAY,,,
a0640000002jxBJAAY,8,6,0
a0640000002jxBLAAY,,,
a0640000002jxBMAAY,,,
a0640000002jxBnAAI,,,
a0640000002jxBoAAI,,,
a0640000002jxBOAAY,,,
a0640000002jxBqAAI,37,16,0
a0640000002jxBrAAI,,,
a0640000002jxBsAAI,,,
a0640000002jxBVAAY,,,
a0640000002jxBWAAY,,,
a0640000002jxBXAAY,,,
a0640000002jYWAAA2,,,
a0640000002jYWaAAM,469,209,0
a0640000002jYWBAA2,392,255,0
a0640000002jYWbAAM,85,62,0
a0640000002jYWCAA2,208,168,0
a0640000002jYWcAAM,12,8,0
a0640000002jYWDAA2,1921,1068,0
a0640000002jYWdAAM,133,78,0
a0640000002jYWEAA2,251,193,0
a0640000002jYWeAAM,,,
a0640000002jYWFAA2,100,80,0
a0640000002jYWfAAM,444,209,0
a0640000002jYWGAA2,150,107,0
a0640000002jYWgAAM,106,74,0
a0640000002jYWHAA2,95,79,0
a0640000002jYWhAAM,657,493,0
a0640000002jYWIAA2,284,99,0
a0640000002jYWiAAM,,,
a0640000002jYWJAA2,1803,604,0
a0640000002jYWjAAM,1739,673,0
a0640000002jYWKAA2,219,152,0
a0640000002jYWkAAM,354,204,0
a0640000002jYWLAA2,105,80,0
a0640000002jYWlAAM,,,
a0640000002jYWMAA2,1114,493,0
a0640000002jYWNAA2,87,83,0
a0640000002jYWOAA2,341,255,0
a0640000002jYWoAAM,173,83,0
a0640000002jYWPAA2,22,15,0
a0640000002jYWpAAM,192,162,0
a0640000002jYWQAA2,1779,827,0
a0640000002jYWqAAM,170,102,0
a0640000002jYWRAA2,138,99,0
a0640000002jYWrAAM,40,35,0
a0640000002jYWSAA2,15,14,0
a0640000002jYWsAAM,,,
a0640000002jYWTAA2,442,355,0
a0640000002jYWUAA2,238,220,0
a0640000002jYWuAAM,316,245,0
a0640000002jYWVAA2,237,176,0
a0640000002jYWvAAM,51,36,0
a0640000002jYWWAA2,270,210,0
a0640000002jYWwAAM,270,229,0
a0640000002jYWXAA2,100,77,0
a0640000002jYWxAAM,1134,405,0
a0640000002jYWyAAM,79,59,0
a0640000002jYWZAA2,1657,762,0
a0640000002jYWzAAM,116,80,0
a0640000002jYX0AAM,18,14,0
a0640000002jYX1AAM,,,
a0640000002jYX2AAM,194,153,0
a0640000002jYX3AAM,856,754,0
a0640000002jYX4AAM,119,43,0
a0640000002jYX6AAM,490,442,0
a0640000002jYX8AAM,123,114,0
a0640000002jYX9AAM,133,58,0
a0640000002jYXaAAM,,,
a0640000002jYXBAA2,142,112,0
a0640000002jYXCAA2,333,148,0
a0640000002jYXcAAM,146,125,0
a0640000002jYXDAA2,21,13,0
a0640000002jYXFAA2,96,73,0
a0640000002jYXfAAM,165,103,0
a0640000002jYXGAA2,181,153,0
a0640000002jYXgAAM,132,88,0
a0640000002jYXHAA2,97,64,0
a0640000002jYXhAAM,62,40,0
a0640000002jYXIAA2,494,228,0
a0640000002jYXJAA2,11,5,0
a0640000002jYXjAAM,16,14,0
a0640000002jYXKAA2,,,
a0640000002jYXkAAM,17,17,0
a0640000002jYXLAA2,811,351,0
a0640000002jYXlAAM,,,
a0640000002jYXMAA2,132,99,0
a0640000002jYXmAAM,46,34,0
a0640000002jYXPAA2,657,493,0
a0640000002jYXQAA2,138,114,0
a0640000002jYXqAAM,50,41,0
a0640000002jYXrAAM,,,
a0640000002jYXSAA2,73,45,0
a0640000002jYXTAA2,5,3,0
a0640000002jYXtAAM,4712,2113,0
a0640000002jYXVAA2,559,225,0
a0640000002jYXvAAM,28,24,0
a0640000002jYXXAA2,1388,633,0
a0640000002jYXYAA2,38,31,0
a0640000002jYXZAA2,98,89,0
a0640000002jYY1AAM,37,32,0
a0640000002jYY2AAM,183,160,0
a0640000002jYY3AAM,,,
a0640000002jYY4AAM,,,
a0640000002jYY7AAM,264,238,0
a0640000002jYY9AAM,283,151,0
a0640000002jYYAAA2,,,
a0640000002jYYaAAM,135,125,0
a0640000002jYYcAAM,16,15,0
a0640000002jYYDAA2,,,
a0640000002jYYdAAM,50,43,0
a0640000002jYYEAA2,108,58,0
a0640000002jYYGAA2,,,
a0640000002jYYHAA2,46,43,0
a0640000002jYYhAAM,322,166,0
a0640000002jYYIAA2,719,316,0
a0640000002jYYJAA2,984,811,0
a0640000002jYYjAAM,18,14,0
a0640000002jYYkAAM,67,56,0
a0640000002jYYLAA2,19,19,0
a0640000002jYYNAA2,31,27,0
a0640000002jYYnAAM,,,
a0640000002jYYOAA2,172,83,0
a0640000002jYYoAAM,,,
a0640000002jYYPAA2,283,126,0
a0640000002jYYpAAM,1530,697,0
a0640000002jYYQAA2,,,
a0640000002jYYqAAM,,,
a0640000002jYYsAAM,23,19,0
a0640000002jYYTAA2,25,19,0
a0640000002jYYtAAM,196,90,0
a0640000002jYYuAAM,21,20,0
a0640000002jYYvAAM,377,325,0
a0640000002jYYWAA2,33,29,0
a0640000002jYYwAAM,31,27,0
a0640000002jYYXAA2,282,220,0
a0640000002jYYxAAM,132,118,0
a0640000002jYYYAA2,62,49,0
a0640000002jYYyAAM,,,
a0640000002jYYZAA2,11,10,0
a0640000002jYZ1AAM,1921,1068,0
a0640000002jYZ4AAM,124,57,0
a0640000002jYZ7AAM,59,52,0
a0640000002jYZ8AAM,71,61,0
a0640000002jYZAAA2,,,
a0640000002jYZaAAM,17,13,0
a0640000002jYZCAA2,,,
a0640000002jYZDAA2,77,54,0
a0640000002jYZEAA2,523,250,0
a0640000002jYZGAA2,1011,470,0
a0640000002jYZHAA2,26,24,0
a0640000002jYZIAA2,37,31,0
a0640000002jYZJAA2,676,349,0
a0640000002jYZKAA2,106,94,0
a0640000002jYZLAA2,10,8,0
a0640000002jYZMAA2,6,6,0
a0640000002jYZNAA2,45,42,0
a0640000002jYZOAA2,14,7,0
a0640000002jYZPAA2,27,22,0
a0640000002jYZSAA2,,,
a0640000002jYZTAA2,39,36,0
a0640000002jYZUAA2,14,12,0
a0640000002jYZVAA2,132,99,0
a0640000002jYZWAA2,12,11,0
a0640000002jYZXAA2,,,
a0640000002jYZYAA2,7,5,0
a0640000002jYZZAA2,38,35,0
a0640000002kdpMAAQ,17,14,0
a0640000002kdq3AAA,,,
a0640000002kdq4AAA,,,
a0640000002kdq8AAA,6,5,0
a0640000002ke7uAAA,,,
a0640000002ke7zAAA,108,100,0
a0640000002ke9fAAA,41,38,0
a0640000002ke9kAAA,,,
a0640000002ke9pAAA,,,
a0640000002ke9qAAA,,,
a0640000002ke9uAAA,,,
a0640000002ke9vAAA,,,
a0640000002keA4AAI,,,
a0640000002keAdAAI,6,5,0
a0640000002keAEAAY,,,
a0640000002keAiAAI,,,
a0640000002keAJAAY,14,13,0
a0640000002keAKAAY,5,5,0
a0640000002keALAAY,,,
a0640000002keATAAY,,,
a0640000002keAYAAY,,,
a0640000002kwVPAAY,,,
a0640000002l75jAAA,5,2,0
a0640000003ld1jAAA,,,
a0640000003ld1kAAA,71,34,0
a0640000003ld1lAAA,,,
a0640000003ld1QAAQ,33,30,0
a0640000003ld37AAA,,,
a0640000003mfI0AAI,8,8,0
a0640000003naVbAAI,14,12,0
a0640000003naVgAAI,85,41,0
a0640000003pLm7AAE,259,235,0
a0640000003R7IaAAK,21,19,0
a0640000003R7MrAAK,38,27,0
a0640000003R7MsAAK,8,7,0
a0640000003R7MtAAK,,,
a0640000003R7N3AAK,8,5,0
a0640000003R7N4AAK,4,3,0
a0640000003R7N5AAK,,,
a0640000003R7N8AAK,6,3,0
a0640000003R7NDAA0,14,10,0
a0640000003R7NIAA0,,,
a0640000003R90WAAS,12,10,0
a0640000003RbUxAAK,35,21,0
a0640000003RdYvAAK,41,32,0
a0640000003RdZ5AAK,97,75,0
a0640000003SfMoAAK,,,
a0640000003SfN3AAK,,,
a0640000003Sft2AAC,,,
a0640000003sxBGAAY,,,
a0640000003sxBHAAY,5,4,0
a0640000003sxBLAAY,5,3,0
a0640000003sxBQAAY,,,
a0640000003sxBRAAY,47,42,0
a0640000003sxKhAAI,142,105,0
a0640000003yWWdAAM,6,4,0
a06400000046LwGAAU,125,104,0
a0640000004eGodAAE,34,27,0
a0640000004eGoeAAE,24,21,0
a0640000004eGoxAAE,22,22,0
a0640000004eI4FAAU,,,
a0640000004eI5EAAU,56,49,0
a0640000004h7u5AAA,,,
a0640000004h86dAAA,,,
a0640000004h87DAAQ,7,7,0
a0640000004jzJNAAY,6,6,0
a0640000004jzJXAAY,9,8,0
a0640000004jzKlAAI,23,19,0
a0640000004jzKmAAI,25,20,0
a0640000004ktR0AAI,99,56,0
a0640000004ktRUAAY,,,
a0640000005pDdSAAU,,,
a0640000005pDe8AAE,87,75,0
a0640000006AchwAAC,,,
a0640000006AchxAAC,8,3,0
a0640000006EDmnAAG,171,142,0
a0640000006EDuFAAW,,,
a0640000006eNAnAAM,,,
a0640000006IcunAAC,308,262,0
a0640000006jJx2AAE,6,6,0
a0640000006L8w5AAC,,,
a0640000006L8wAAAS,,,
a0640000006LCgpAAG,269,242,0
a0640000006M2qLAAS,,,
a0640000006PFEiAAO,56,34,0
a0640000006qRwoAAE,,,
a06400000076KynAAE,11,10,0
a06400000077E36AAE,,,
a0640000007aEiSAAU,441,344,0
a0640000007M55eAAC,,,
a0640000007M55fAAC,,,
a0640000007M55gAAC,97,43,0
a0640000007M55jAAC,825,301,0
a0640000007M55oAAC,,,
a0640000007M55PAAS,17,12,0
a0640000007M55ZAAS,,,
a0640000007PulgAAC,,,
a0640000007V2ZaAAK,84,74,0
a0640000008joayAAA,70,36,0
a0640000008joazAAA,14,9,0
a0640000008job0AAA,6,4,0
a0640000008jonYAAQ,,,
a0640000008jooPAAQ,30,15,0
a0640000008jopvAAA,48,20,0
a0640000008jopwAAA,56,22,0
a0640000008joqAAAQ,30,13,0
a0640000008joqpAAA,44,14,0
a0640000008joqqAAA,57,15,0
a0640000008lcRiAAI,,,
a0640000008YwmBAAS,12,9,0
a0640000008YwmLAAS,,,
a0640000009CIXhAAO,126,113,0
a0640000009CIYAAA4,26,26,0
a0640000009CIZEAA4,10,9,0
a0640000009DE1YAAW,,,
a0640000009MkzrAAC,39,30,0
a0640000009OfTIAA0,8,8,0
a0640000009RUM2AAO,,,
a064000000AHHYwAAP,422,380,0
a064000000AYXLUAA5,32,12,0
a064000000AYXygAAH,,,
a064000000AYY3jAAH,,,
a064000000Bgwk8AAB,,,
a064000000C24wcAAB,,,
a064000000CMV2KAAX,12,9,0
a064000000cqTcEAAU,24,14,0
a064000000cqTfcAAE,,,
a064000000cqTfhAAE,,,
a064000000cr1obAAA,23,12,0
a064000000cr1ogAAA,8,4,0
a064000000cr1oWAAQ,45,18,0
a064000000cr1p0AAA,17,8,0
a064000000cr1pAAAQ,48,17,0
a064000000cs8slAAA,,,
a064000000CSU7MAAX,5,3,0
a064000000ctMbpAAE,,,
a064000000ctMyvAAE,,,
a064000000DSuR5AAL,1450,715,0
a064000000DZ6oaAAD,,,
a064000000DZ6oTAAT,5,5,0
a064000000DZ6oUAAT,,,
a064000000DZ6oYAAT,,,
a064000000DZ6oZAAT,,,
a064000000Eb0u6AAB,,,
a064000000EXmRdAAL,17,8,0
a064000000EXmRYAA1,,,
a064000000G3SI5AAN,5,5,0
a064000000G3Sl1AAF,,,
a064000000G4cGBAAZ,6,5,0
a064000000G4cGGAAZ,5,5,0
a064000000haUpNAAU,14,13,0
a064000000hbzJxAAI,5,5,0
a064000000hc1KNAAY,,,
a064000000hc7P4AAI,,,
a064000000HJG8JAAX,94,77,0
a064000000HLO8yAAH,,,
a064000000HLO93AAH,,,
a064000000HLO98AAH,,,
a064000000HLO9DAAX,,,
a064000000HLO9IAAX,,,
a064000000HLOHwAAP,,,
a064000000HLOIKAA5,,,
a064000000HLOIkAAP,,,
a064000000HLOIuAAP,,,
a064000000HLOIzAAP,,,
a064000000HLOJEAA5,,,
a064000000HLOJOAA5,,,
a064000000HLOK7AAP,,,
a064000000HLOKCAA5,,,
a064000000HLrwHAAT,17,15,0
a064000000hZoK3AAK,130,100,0
a064000000hZqscAAC,,,
a064000000hZqSeAAK,,,
a064000000hZqshAAC,,,
a064000000hZqsmAAC,,,
a064000000hZqsrAAC,,,
a064000000hZqswAAC,,,
a064000000hZqtaAAC,50,37,0
a064000000hZqtBAAS,,,
a064000000hZqtfAAC,,,
a064000000hZqtGAAS,,,
a064000000hZqtLAAS,97,64,0
a064000000hZqtQAAS,,,
a064000000hZqtVAAS,,,
a064000000hZspxAAC,784,472,0
a064000000hZsqCAAS,86,75,0
a064000000hZsqHAAS,,,
a064000000hZsqMAAS,1065,956,0
a064000000hZsqRAAS,320,304,0
a064000000hZsqWAAS,177,153,0
a064000000hZud7AAC,,,
a064000000hZud8AAC,159,149,0
a064000000hZudCAAS,,,
a064000000hZudgAAC,,,
a064000000hZudmAAC,37,12,0
a064000000hZudqAAC,,,
a064000000hZudRAAS,,,
a064000000hZue5AAC,,,
a064000000hZuejAAC,239,218,0
a064000000hZueUAAS,,,
a064000000hZufwAAC,66,50,0
a064000000hZugfAAC,,,
a064000000hZugGAAS,,,
a064000000hZugLAAS,,,
a064000000hZugQAAS,,,
a064000000hZuhdAAC,,,
a064000000hZuhnAAC,,,
a064000000hZuiqAAC,113,89,0
a064000000hZuivAAC,113,89,0
a064000000hZuiWAAS,161,145,0
a064000000hZujFAAS,,,
a064000000hZul6AAC,,,
a064000000hZulBAAS,,,
a064000000hZuluAAC,,,
a064000000hZulzAAC,5,5,0
a064000000hZum4AAC,11,8,0
a064000000hZumTAAS,,,
a064000000hZun7AAC,,,
a064000000hZunbAAC,,,
a064000000hZunRAAS,,,
a064000000hZuo0AAC,,,
a064000000hZuoAAAS,,,
a064000000hZuoeAAC,,,
a064000000hZuojAAC,,,
a064000000hZuooAAC,45,28,0
a064000000hZuoPAAS,,,
a064000000hZup8AAC,59,31,0
a064000000hZupwAAC,,,
a064000000hZuq1AAC,,,
a064000000hZuq6AAC,,,
a064000000hZuqaAAC,,,
a064000000hZuqLAAS,,,
a064000000hZuqQAAS,,,
a064000000hZuqzAAC,43,24,0
a064000000hZuwbAAC,,,
a064000000hZv2OAAS,,,
a064000000hZv2TAAS,,,
a064000000hZv2xAAC,,,
a064000000hZv2YAAS,,,
a064000000hZv3gAAC,,,
a064000000hZv3RAAS,,,
a064000000hZv3WAAS,,,
a064000000hZv40AAC,,,
a064000000hZv4AAAS,100,47,0
a064000000hZv4eAAC,,,
a064000000hZv4KAAS,,,
a064000000hZv4tAAC,,,
a064000000hZv4ZAAS,101,55,0
a064000000hZv53AAC,,,
a064000000hZv58AAC,62,42,0
a064000000hZv79AAC,,,
a064000000hZv7TAAS,,,
a064000000hZxAYAA0,,,
a064000000hZxBlAAK,,,
a064000000hZxBWAA0,5,2,0
a064000000hZxEjAAK,11,10,0
a064000000hZxK8AAK,,,
a064000000hZxKDAA0,,,
a064000000hZxKNAA0,,,
a064000000hZxKSAA0,,,
a064000000hZxL6AAK,,,
a064000000hZxLaAAK,46,17,0
a064000000hZxLGAA0,7,4,0
a064000000hZxLkAAK,19,9,0
a064000000hZxLpAAK,16,14,0
a064000000hZxLQAA0,,,
a064000000hZxLuAAK,,,
a064000000hZxLzAAK,,,
a064000000hZxM9AAK,11,11,0
a064000000hZxMiAAK,,,
a064000000hZxMjAAK,,,
a064000000hZxMnAAK,,,
a064000000hZxMsAAK,,,
a064000000hZxMYAA0,,,
a064000000IIPsAAAX,281,127,0
a064000000Jd3bfAAB,,,
a064000000Jf4aBAAR,,,
a064000000JfEVaAAN,,,
a064000000JfEVfAAN,,,
a064000000JfREyAAN,19,19,0
a064000000JfXDEAA3,,,
a064000000JfXDOAA3,,,
a064000000JfXDUAA3,,,
a064000000JfXDYAA3,,,
a064000000JgUvyAAF,,,
a064000000JgwbBAAR,16,14,0
a064000000jxtuNAAQ,23,12,0
a064000000MFv9NAAT,,,
a064000000MHlvCAAT,,,
a064000000pconlAAA,44,35,0
a064000000pebaRAAQ,29,27,0
a064000000pedgfAAA,,,
a064000000pedgQAAQ,,,
a064000000pegkcAAA,,,
a064000000pegkhAAA,,,
a064000000pegkmAAA,,,
a064000000pegkrAAA,,,
a064000000pegnCAAQ,,,
a064000000pegnHAAQ,,,
a064000000pegnMAAQ,,,
a064000000pegnRAAQ,,,
a064000000pegWfAAI,,,
a064000000pejoOAAQ,,,
a064000000peyiVAAQ,,,
a064000000pf68KAAQ,,,
a064000000pf68PAAQ,,,
a064000000pf68UAAQ,,,
a064000000pf6C7AAI,,,
a064000000pfKHwAAM,22,13,0
a064000000pgHR3AAM,,,
a064000000pgKvhAAE,,,
a064000000pgKvmAAE,,,
a064000000pgKvrAAE,,,
a064000000pgKvwAAE,,,
a064000000pgKw1AAE,,,
a064000000pgKw6AAE,,,
a064000000pgKwGAAU,,,
a064000000VFrowAAD,124,74,0
a064000000VFrp1AAD,8,5,0
a064000000VJfbRAAT,93,79,0
a064000000YiXOcAAN,36,16,0
a064000000YiXOhAAN,12,6,0
a064000000YiXOXAA3,516,195,0
a064000000Yj2fSAAR,,,
a064000000Yj2lUAAR,,,
a064000000Yk57KAAR,,,
a064000000YlaoyAAB,445,199,0
a064000000zVLtRAAW,,,
a064000000zVZKhAAO,,,
a064000000zVZKNAA4,130,83,0
a064000000zW0ZkAAK,,,
a064000000zWkglAAC,24,22,0
a064000000zYNl4AAG,,,
a0640000018R91UAAS,,,
a0640000018RU9XAAW,13,9,0
a0640000018TmLdAAK,,,
a0640000018UJWIAA4,66,50,0
a0640000018Uv8qAAC,95,73,0
a0640000018Uv90AAC,,,
a0640000019FITsAAO,,,
a0640000019FITYAA4,,,
a064000001Fkd3dAAB,18,16,0
a064000001Fkd3TAAR,,,
a064000001Fkd3YAAR,,,
a064000001FkhlTAAR,,,
a064000001Fkjj8AAB,24,11,0
a064000001FktyMAAR,,,
a064000001FktyRAAR,112,58,0
a064000001Fky3eAAB,,,
a064000001Fky3jAAB,,,
a064000001FlFCJAA3,,,
a064000001FlJXtAAN,10,7,0
a064000001Fm29FAAR,,,
a064000001FmN9zAAF,,,
a064000001FmNA4AAN,,,
a064000001LWcv5AAD,,,
a064000001LWcylAAD,,,
a064000001LWwwSAAT,,,
